recall_number,reported_on,classification,commodity_slug,kind,analyte,recalling_firm,summary,source_url
H-1339-2026,2026-08-22,Class I,cabbage,pathogen,Salmonella,"Everything Sprouts, LLC",[Class I] Sprouts may be contaminated with STEC E. coli and/or Salmonella.,https://api.fda.gov/food/enforcement.json?search=recall_number:%22H-1339-2026%22
H-1379-2026,2026-08-05,Class I,bell_pepper,pathogen,Salmonella,NatureBest Pre-Cut & Produce LLc,[Class I] Jalapenos have the potential to be contaminated with Salmonella,https://api.fda.gov/food/enforcement.json?search=recall_number:%22H-1379-2026%22
H-1355-2026,2026-08-07,Class I,onion,pathogen,Salmonella,Taylor Fresh Foods Inc,[Class I] Potential contamination with Salmonella.,https://api.fda.gov/food/enforcement.json?search=recall_number:%22H-1355-2026%22
H-1355-2026,2026-08-07,Class I,bell_pepper,pathogen,Salmonella,Taylor Fresh Foods Inc,[Class I] Potential contamination with Salmonella.,https://api.fda.gov/food/enforcement.json?search=recall_number:%22H-1355-2026%22
H-1342-2026,2026-08-19,Class II,mango,pathogen,Salmonella,Panorama Produce Sales Inc.,[Class II] Product may be contaminated with Salmonella,https://api.fda.gov/food/enforcement.json?search=recall_number:%22H-1342-2026%22
H-1356-2026,2026-08-07,Class I,onion,pathogen,Salmonella,Taylor Fresh Foods Inc,[Class I] Potential contamination with Salmonella.,https://api.fda.gov/food/enforcement.json?search=recall_number:%22H-1356-2026%22
H-1356-2026,2026-08-07,Class I,bell_pepper,pathogen,Salmonella,Taylor Fresh Foods Inc,[Class I] Potential contamination with Salmonella.,https://api.fda.gov/food/enforcement.json?search=recall_number:%22H-1356-2026%22
H-1376-2026,2026-08-05,Class I,bell_pepper,pathogen,Salmonella,NatureBest Pre-Cut & Produce LLc,[Class I] Jalapenos have the potential to be contaminated with Salmonella,https://api.fda.gov/food/enforcement.json?search=recall_number:%22H-1376-2026%22
H-1376-2026,2026-08-05,Class I,mushroom,pathogen,Salmonella,NatureBest Pre-Cut & Produce LLc,[Class I] Jalapenos have the potential to be contaminated with Salmonella,https://api.fda.gov/food/enforcement.json?search=recall_number:%22H-1376-2026%22
H-1377-2026,2026-08-05,Class I,bell_pepper,pathogen,Salmonella,NatureBest Pre-Cut & Produce LLc,[Class I] Jalapenos have the potential to be contaminated with Salmonella,https://api.fda.gov/food/enforcement.json?search=recall_number:%22H-1377-2026%22
H-1372-2026,2026-08-05,Class I,bell_pepper,pathogen,Salmonella,NatureBest Pre-Cut & Produce LLc,[Class I] Jalapenos have the potential to be contaminated with Salmonella,https://api.fda.gov/food/enforcement.json?search=recall_number:%22H-1372-2026%22
H-1374-2026,2026-08-05,Class I,bell_pepper,pathogen,Salmonella,NatureBest Pre-Cut & Produce LLc,[Class I] Jalapenos have the potential to be contaminated with Salmonella,https://api.fda.gov/food/enforcement.json?search=recall_number:%22H-1374-2026%22
H-1374-2026,2026-08-05,Class I,mango,pathogen,Salmonella,NatureBest Pre-Cut & Produce LLc,[Class I] Jalapenos have the potential to be contaminated with Salmonella,https://api.fda.gov/food/enforcement.json?search=recall_number:%22H-1374-2026%22
H-1366-2026,2026-08-07,Class I,onion,pathogen,Salmonella,Taylor Fresh Foods Inc,[Class I] Potential contamination with Salmonella.,https://api.fda.gov/food/enforcement.json?search=recall_number:%22H-1366-2026%22
H-1366-2026,2026-08-07,Class I,bell_pepper,pathogen,Salmonella,Taylor Fresh Foods Inc,[Class I] Potential contamination with Salmonella.,https://api.fda.gov/food/enforcement.json?search=recall_number:%22H-1366-2026%22
H-1338-2026,2026-08-22,Class I,onion,pathogen,Salmonella,"Everything Sprouts, LLC",[Class I] Sprouts may be contaminated with STEC E. coli and/or Salmonella.,https://api.fda.gov/food/enforcement.json?search=recall_number:%22H-1338-2026%22
H-1375-2026,2026-08-05,Class I,bell_pepper,pathogen,Salmonella,NatureBest Pre-Cut & Produce LLc,[Class I] Jalapenos have the potential to be contaminated with Salmonella,https://api.fda.gov/food/enforcement.json?search=recall_number:%22H-1375-2026%22
H-1344-2026,2026-08-07,Class I,bell_pepper,pathogen,Salmonella,Taylor Fresh Foods Inc,[Class I] Potential contamination with Salmonella.,https://api.fda.gov/food/enforcement.json?search=recall_number:%22H-1344-2026%22
H-1380-2026,2026-08-28,Class I,strawberry,pathogen,E. coli,Frutas y Hortalizas del Sur S.A.,[Class I] Potential E. coli O145:H28 Contamination,https://api.fda.gov/food/enforcement.json?search=recall_number:%22H-1380-2026%22
H-1380-2026,2026-08-28,Class I,blueberry,pathogen,E. coli,Frutas y Hortalizas del Sur S.A.,[Class I] Potential E. coli O145:H28 Contamination,https://api.fda.gov/food/enforcement.json?search=recall_number:%22H-1380-2026%22
H-1380-2026,2026-08-28,Class I,blackberry,pathogen,E. coli,Frutas y Hortalizas del Sur S.A.,[Class I] Potential E. coli O145:H28 Contamination,https://api.fda.gov/food/enforcement.json?search=recall_number:%22H-1380-2026%22
H-1302-2026,2026-08-06,Class I,bell_pepper,pathogen,Salmonella,"Ron's Home Style Foods, Inc.",[Class I] Products were manufactured with jalapenos that have the potential to be contaminated with Salmonella,https://api.fda.gov/food/enforcement.json?search=recall_number:%22H-1302-2026%22
H-1262-2026,2026-08-05,Class I,bell_pepper,pathogen,Salmonella,"Sirna and Sons Produce, Inc",[Class I] Potential Salmonella Javiana contamination,https://api.fda.gov/food/enforcement.json?search=recall_number:%22H-1262-2026%22
H-1238-2026,2026-06-25,Class I,blueberry,pathogen,E. coli,"Publix Super Markets, Inc.",[Class I] Due to potential E. coli O145:H28 contamination,https://api.fda.gov/food/enforcement.json?search=recall_number:%22H-1238-2026%22
H-1256-2026,2026-08-05,Class I,bell_pepper,pathogen,Salmonella,"Dairyland Produce, LLC",[Class I] Jalapenos may be contaminated with Salmonella.,https://api.fda.gov/food/enforcement.json?search=recall_number:%22H-1256-2026%22
H-1239-2026,2026-06-25,Class I,blueberry,pathogen,E. coli,"Publix Super Markets, Inc.",[Class I] Due to potential E. coli O145:H28 contamination,https://api.fda.gov/food/enforcement.json?search=recall_number:%22H-1239-2026%22
H-1257-2026,2026-08-05,Class I,bell_pepper,pathogen,Salmonella,GET FRESH PRODUCE,[Class I] Potential Salmonella contamination,https://api.fda.gov/food/enforcement.json?search=recall_number:%22H-1257-2026%22
H-1242-2026,2026-07-22,Class I,bell_pepper,pathogen,Salmonella,Coast Citrus Distributors,[Class I] Potential Salmonella Javiana contamination,https://api.fda.gov/food/enforcement.json?search=recall_number:%22H-1242-2026%22
H-1293-2026,2026-07-17,Class I,lettuce,pathogen,Cyclospora,Taylor Farms de Mexico S. de R.L. de C.V.,[Class I] Potential Cyclospora contamination.,https://api.fda.gov/food/enforcement.json?search=recall_number:%22H-1293-2026%22
H-1293-2026,2026-07-17,Class I,carrot,pathogen,Cyclospora,Taylor Farms de Mexico S. de R.L. de C.V.,[Class I] Potential Cyclospora contamination.,https://api.fda.gov/food/enforcement.json?search=recall_number:%22H-1293-2026%22
H-1293-2026,2026-07-17,Class I,cabbage,pathogen,Cyclospora,Taylor Farms de Mexico S. de R.L. de C.V.,[Class I] Potential Cyclospora contamination.,https://api.fda.gov/food/enforcement.json?search=recall_number:%22H-1293-2026%22
H-1286-2026,2026-07-17,Class I,lettuce,pathogen,Cyclospora,Taylor Farms de Mexico S. de R.L. de C.V.,[Class I] Potential Cyclospora contamination.,https://api.fda.gov/food/enforcement.json?search=recall_number:%22H-1286-2026%22
H-1297-2026,2026-07-17,Class I,romaine,pathogen,Cyclospora,Taylor Farms de Mexico S. de R.L. de C.V.,[Class I] Potential Cyclospora contamination.,https://api.fda.gov/food/enforcement.json?search=recall_number:%22H-1297-2026%22
H-1297-2026,2026-07-17,Class I,lettuce,pathogen,Cyclospora,Taylor Farms de Mexico S. de R.L. de C.V.,[Class I] Potential Cyclospora contamination.,https://api.fda.gov/food/enforcement.json?search=recall_number:%22H-1297-2026%22
H-1297-2026,2026-07-17,Class I,carrot,pathogen,Cyclospora,Taylor Farms de Mexico S. de R.L. de C.V.,[Class I] Potential Cyclospora contamination.,https://api.fda.gov/food/enforcement.json?search=recall_number:%22H-1297-2026%22
H-1297-2026,2026-07-17,Class I,cabbage,pathogen,Cyclospora,Taylor Farms de Mexico S. de R.L. de C.V.,[Class I] Potential Cyclospora contamination.,https://api.fda.gov/food/enforcement.json?search=recall_number:%22H-1297-2026%22
H-1283-2026,2026-07-17,Class I,lettuce,pathogen,Cyclospora,Taylor Farms de Mexico S. de R.L. de C.V.,[Class I] Potential Cyclospora contamination.,https://api.fda.gov/food/enforcement.json?search=recall_number:%22H-1283-2026%22
H-1299-2026,2026-07-17,Class I,romaine,pathogen,Cyclospora,Taylor Farms de Mexico S. de R.L. de C.V.,[Class I] Potential Cyclospora contamination.,https://api.fda.gov/food/enforcement.json?search=recall_number:%22H-1299-2026%22
H-1299-2026,2026-07-17,Class I,lettuce,pathogen,Cyclospora,Taylor Farms de Mexico S. de R.L. de C.V.,[Class I] Potential Cyclospora contamination.,https://api.fda.gov/food/enforcement.json?search=recall_number:%22H-1299-2026%22
H-1299-2026,2026-07-17,Class I,carrot,pathogen,Cyclospora,Taylor Farms de Mexico S. de R.L. de C.V.,[Class I] Potential Cyclospora contamination.,https://api.fda.gov/food/enforcement.json?search=recall_number:%22H-1299-2026%22
H-1299-2026,2026-07-17,Class I,cabbage,pathogen,Cyclospora,Taylor Farms de Mexico S. de R.L. de C.V.,[Class I] Potential Cyclospora contamination.,https://api.fda.gov/food/enforcement.json?search=recall_number:%22H-1299-2026%22
H-1289-2026,2026-07-17,Class I,romaine,pathogen,Cyclospora,Taylor Farms de Mexico S. de R.L. de C.V.,[Class I] Potential Cyclospora contamination.,https://api.fda.gov/food/enforcement.json?search=recall_number:%22H-1289-2026%22
H-1289-2026,2026-07-17,Class I,lettuce,pathogen,Cyclospora,Taylor Farms de Mexico S. de R.L. de C.V.,[Class I] Potential Cyclospora contamination.,https://api.fda.gov/food/enforcement.json?search=recall_number:%22H-1289-2026%22
H-1282-2026,2026-07-17,Class I,lettuce,pathogen,Cyclospora,Taylor Farms de Mexico S. de R.L. de C.V.,[Class I] Potential Cyclospora contamination.,https://api.fda.gov/food/enforcement.json?search=recall_number:%22H-1282-2026%22
H-1291-2026,2026-07-17,Class I,romaine,pathogen,Cyclospora,Taylor Farms de Mexico S. de R.L. de C.V.,[Class I] Potential Cyclospora contamination.,https://api.fda.gov/food/enforcement.json?search=recall_number:%22H-1291-2026%22
H-1291-2026,2026-07-17,Class I,lettuce,pathogen,Cyclospora,Taylor Farms de Mexico S. de R.L. de C.V.,[Class I] Potential Cyclospora contamination.,https://api.fda.gov/food/enforcement.json?search=recall_number:%22H-1291-2026%22
H-1292-2026,2026-07-17,Class I,lettuce,pathogen,Cyclospora,Taylor Farms de Mexico S. de R.L. de C.V.,[Class I] Potential Cyclospora contamination.,https://api.fda.gov/food/enforcement.json?search=recall_number:%22H-1292-2026%22
H-1292-2026,2026-07-17,Class I,carrot,pathogen,Cyclospora,Taylor Farms de Mexico S. de R.L. de C.V.,[Class I] Potential Cyclospora contamination.,https://api.fda.gov/food/enforcement.json?search=recall_number:%22H-1292-2026%22
H-1292-2026,2026-07-17,Class I,cabbage,pathogen,Cyclospora,Taylor Farms de Mexico S. de R.L. de C.V.,[Class I] Potential Cyclospora contamination.,https://api.fda.gov/food/enforcement.json?search=recall_number:%22H-1292-2026%22
H-1281-2026,2026-07-17,Class I,lettuce,pathogen,Cyclospora,Taylor Farms de Mexico S. de R.L. de C.V.,[Class I] Potential Cyclospora contamination.,https://api.fda.gov/food/enforcement.json?search=recall_number:%22H-1281-2026%22
H-1285-2026,2026-07-17,Class I,lettuce,pathogen,Cyclospora,Taylor Farms de Mexico S. de R.L. de C.V.,[Class I] Potential Cyclospora contamination.,https://api.fda.gov/food/enforcement.json?search=recall_number:%22H-1285-2026%22
H-1288-2026,2026-07-17,Class I,romaine,pathogen,Cyclospora,Taylor Farms de Mexico S. de R.L. de C.V.,[Class I] Potential Cyclospora contamination.,https://api.fda.gov/food/enforcement.json?search=recall_number:%22H-1288-2026%22
H-1288-2026,2026-07-17,Class I,lettuce,pathogen,Cyclospora,Taylor Farms de Mexico S. de R.L. de C.V.,[Class I] Potential Cyclospora contamination.,https://api.fda.gov/food/enforcement.json?search=recall_number:%22H-1288-2026%22
H-1287-2026,2026-07-17,Class I,lettuce,pathogen,Cyclospora,Taylor Farms de Mexico S. de R.L. de C.V.,[Class I] Potential Cyclospora contamination.,https://api.fda.gov/food/enforcement.json?search=recall_number:%22H-1287-2026%22
H-1280-2026,2026-07-17,Class I,lettuce,pathogen,Cyclospora,Taylor Farms de Mexico S. de R.L. de C.V.,[Class I] Potential Cyclospora contamination.,https://api.fda.gov/food/enforcement.json?search=recall_number:%22H-1280-2026%22
H-1296-2026,2026-07-17,Class I,lettuce,pathogen,Cyclospora,Taylor Farms de Mexico S. de R.L. de C.V.,[Class I] Potential Cyclospora contamination.,https://api.fda.gov/food/enforcement.json?search=recall_number:%22H-1296-2026%22
H-1296-2026,2026-07-17,Class I,carrot,pathogen,Cyclospora,Taylor Farms de Mexico S. de R.L. de C.V.,[Class I] Potential Cyclospora contamination.,https://api.fda.gov/food/enforcement.json?search=recall_number:%22H-1296-2026%22
H-1296-2026,2026-07-17,Class I,cabbage,pathogen,Cyclospora,Taylor Farms de Mexico S. de R.L. de C.V.,[Class I] Potential Cyclospora contamination.,https://api.fda.gov/food/enforcement.json?search=recall_number:%22H-1296-2026%22
H-1279-2026,2026-07-17,Class I,lettuce,pathogen,Cyclospora,Taylor Farms de Mexico S. de R.L. de C.V.,[Class I] Potential Cyclospora contamination.,https://api.fda.gov/food/enforcement.json?search=recall_number:%22H-1279-2026%22
H-1294-2026,2026-07-17,Class I,lettuce,pathogen,Cyclospora,Taylor Farms de Mexico S. de R.L. de C.V.,[Class I] Potential Cyclospora contamination.,https://api.fda.gov/food/enforcement.json?search=recall_number:%22H-1294-2026%22
H-1294-2026,2026-07-17,Class I,carrot,pathogen,Cyclospora,Taylor Farms de Mexico S. de R.L. de C.V.,[Class I] Potential Cyclospora contamination.,https://api.fda.gov/food/enforcement.json?search=recall_number:%22H-1294-2026%22
H-1294-2026,2026-07-17,Class I,cabbage,pathogen,Cyclospora,Taylor Farms de Mexico S. de R.L. de C.V.,[Class I] Potential Cyclospora contamination.,https://api.fda.gov/food/enforcement.json?search=recall_number:%22H-1294-2026%22
H-1298-2026,2026-07-17,Class I,romaine,pathogen,Cyclospora,Taylor Farms de Mexico S. de R.L. de C.V.,[Class I] Potential Cyclospora contamination.,https://api.fda.gov/food/enforcement.json?search=recall_number:%22H-1298-2026%22
H-1298-2026,2026-07-17,Class I,lettuce,pathogen,Cyclospora,Taylor Farms de Mexico S. de R.L. de C.V.,[Class I] Potential Cyclospora contamination.,https://api.fda.gov/food/enforcement.json?search=recall_number:%22H-1298-2026%22
H-1298-2026,2026-07-17,Class I,carrot,pathogen,Cyclospora,Taylor Farms de Mexico S. de R.L. de C.V.,[Class I] Potential Cyclospora contamination.,https://api.fda.gov/food/enforcement.json?search=recall_number:%22H-1298-2026%22
H-1298-2026,2026-07-17,Class I,cabbage,pathogen,Cyclospora,Taylor Farms de Mexico S. de R.L. de C.V.,[Class I] Potential Cyclospora contamination.,https://api.fda.gov/food/enforcement.json?search=recall_number:%22H-1298-2026%22
H-1284-2026,2026-07-17,Class I,lettuce,pathogen,Cyclospora,Taylor Farms de Mexico S. de R.L. de C.V.,[Class I] Potential Cyclospora contamination.,https://api.fda.gov/food/enforcement.json?search=recall_number:%22H-1284-2026%22
H-1290-2026,2026-07-17,Class I,romaine,pathogen,Cyclospora,Taylor Farms de Mexico S. de R.L. de C.V.,[Class I] Potential Cyclospora contamination.,https://api.fda.gov/food/enforcement.json?search=recall_number:%22H-1290-2026%22
H-1290-2026,2026-07-17,Class I,lettuce,pathogen,Cyclospora,Taylor Farms de Mexico S. de R.L. de C.V.,[Class I] Potential Cyclospora contamination.,https://api.fda.gov/food/enforcement.json?search=recall_number:%22H-1290-2026%22
H-1295-2026,2026-07-17,Class I,lettuce,pathogen,Cyclospora,Taylor Farms de Mexico S. de R.L. de C.V.,[Class I] Potential Cyclospora contamination.,https://api.fda.gov/food/enforcement.json?search=recall_number:%22H-1295-2026%22
H-1295-2026,2026-07-17,Class I,carrot,pathogen,Cyclospora,Taylor Farms de Mexico S. de R.L. de C.V.,[Class I] Potential Cyclospora contamination.,https://api.fda.gov/food/enforcement.json?search=recall_number:%22H-1295-2026%22
H-1295-2026,2026-07-17,Class I,cabbage,pathogen,Cyclospora,Taylor Farms de Mexico S. de R.L. de C.V.,[Class I] Potential Cyclospora contamination.,https://api.fda.gov/food/enforcement.json?search=recall_number:%22H-1295-2026%22
H-1181-2026,2026-07-03,Class I,blueberry,pathogen,E. coli,Frutas y Hortalizas del Sur S.A.,[Class I] Potential E. coli O145:H28 Contamination,https://api.fda.gov/food/enforcement.json?search=recall_number:%22H-1181-2026%22
H-1078-2026,2026-05-18,Class II,strawberry,pathogen,Salmonella,International Food Products Corporation,[Class II] Potential for Salmonella,https://api.fda.gov/food/enforcement.json?search=recall_number:%22H-1078-2026%22
H-0939-2026,2026-05-11,Class I,mushroom,pathogen,Listeria monocytogenes,HH FRESH TRADING CORP,[Class I] Imported Enoki Mushrooms tested positive for Listeria Monocytogenes.,https://api.fda.gov/food/enforcement.json?search=recall_number:%22H-0939-2026%22
H-0887-2026,2026-05-01,Class I,onion,pathogen,Salmonella,"JCB Flavors, LLC",[Class I] Products may be potentially contaminated with Salmonella.,https://api.fda.gov/food/enforcement.json?search=recall_number:%22H-0887-2026%22
H-0886-2026,2026-05-01,Class I,onion,pathogen,Salmonella,"JCB Flavors, LLC",[Class I] Products may be potentially contaminated with Salmonella.,https://api.fda.gov/food/enforcement.json?search=recall_number:%22H-0886-2026%22
H-0898-2026,2026-05-14,Class I,mushroom,pathogen,Listeria monocytogenes,"IQ PRODUCE, LLC",[Class I] Imported Enoki Mushrooms samples collected by Florida Department of Health tested positive for Listeria Monocytogenes.,https://api.fda.gov/food/enforcement.json?search=recall_number:%22H-0898-2026%22
